{"cameraMode":{"drawMode":0,"name":"Shaded","section":"Shading Mode"},"sceneLighting":true,"audioPlay":false,"sceneViewState":{"m_AlwaysRefresh":false,"showFog":true,"showSkybox":true,"showFlares":true,"showImageEffects":true,"showParticleSystems":true,"showVisualEffectGraphs":true,"m_FxEnabled":true},"in2DMode":false,"pivot":{"x":92.84300231933594,"y":-0.01320648193359375,"z":90.72338104248047},"rotation":{"x":0.31868231296539309,"y":-0.6392813324928284,"z":0.32914912700653078,"w":0.6178905367851257},"size":31.47991371154785,"orthographic":false}