{"cameraMode":{"drawMode":0,"name":"Shaded","section":"Shading Mode"},"sceneLighting":true,"audioPlay":false,"sceneViewState":{"m_AlwaysRefresh":false,"showFog":true,"showSkybox":true,"showFlares":true,"showImageEffects":true,"showParticleSystems":true,"showVisualEffectGraphs":true,"m_FxEnabled":true},"in2DMode":false,"pivot":{"x":15.032295227050782,"y":-117.44795227050781,"z":-44.912200927734378},"rotation":{"x":0.031414780765771869,"y":-0.8829753994941711,"z":0.4650669991970062,"w":0.05864747613668442},"size":171.06932067871095,"orthographic":false}